title,text
"Alien Life Confirmed on Mars","Scientists secretly confirmed the existence of intelligent life on Mars but governments are keeping it hidden."
"Celebrity Cloned by Secret Lab","A famous actor was reportedly cloned in a secret laboratory to continue movie productions."
"Chocolate Cures All Diseases","Researchers allegedly discovered that chocolate can cure cancer, diabetes, and heart disease."
"Time Travel Device Invented","A private company claims it has invented a time machine and plans to send volunteers back to the 1800s."
"Dinosaurs Spotted in Remote Island","Explorers report seeing living dinosaurs on a hidden island in the Pacific Ocean."
"Government Controls Weather","Officials are secretly controlling the weather using advanced technology to prevent natural disasters."
"Mind-Reading Headphones Released","A tech company claims to have released headphones that can read your thoughts and play music accordingly."
"Moon Base Already Built","Conspiracy theories claim that a secret moon base has been operational since 2015."
"Dogs Can Talk with AI Collar","Scientists created an AI-powered collar that lets dogs communicate with humans using speech."
"World’s Largest Diamond Found in Backyard","An amateur gardener reportedly discovered the world’s largest diamond while digging a vegetable patch."
